<xml xmlns="https://developers.google.com/blockly/xml">
  <variables>
    <variable id="M[vaD@JoJPb/1tEa6?p~">member_xp</variable>
    <variable id="+@B4vb]CdaQAcV3iYZ3L">member_level</variable>
  </variables>
  <block type="s4d_login" id="X1Jc~]dPj*(vO,%HQ7DW" x="16" y="51">
    <value name="TOKEN">
      <block type="text" id="^5M,EDB)[{Ov@=(gr{D9">
        <field name="TEXT">OTA1NTAzMzg0MDUwNzM3MjMy.YYLBvg.AXJ6c66Ln6jZDD4dBWfgDyvhxZQ</field>
      </block>
    </value>
  </block>
  <block type="s4d_on_connected" id=".gMGla7KV_I|9XL;f{wD" x="19" y="114">
    <statement name="STATEMENTS">
      <block type="s4d_set_bot_game" id="){!+Z:SO`y6Wpt$[HXPA">
        <field name="OIFD">online</field>
        <field name="TYPE">COMPETING</field>
        <value name="GAME">
          <block type="text" id="t[[};n%E7t}44d@DkSHv">
            <field name="TEXT">!!help</field>
          </block>
        </value>
      </block>
    </statement>
  </block>
  <block type="s4d_on_message" id="ED6_G{_!,JM-LfXhl0#6" x="16" y="263">
    <statement name="STATEMENTS">
      <block type="controls_if" id="0QEpG{V,A8W7?pYJVwM8">
        <value name="IF0">
          <block type="logic_compare" id="r*9Dm_Icc9;*ynOny)`a">
            <field name="OP">EQ</field>
            <value name="A">
              <block type="s4d_message_content" id="|Aq=wt:Eqo8IQ-xg)v$l"></block>
            </value>
            <value name="B">
              <block type="text" id="Q9?JGQ{}0zg2/J[x2kiI">
                <field name="TEXT">Ping</field>
              </block>
            </value>
          </block>
        </value>
        <statement name="DO0">
          <block type="s4d_reply" id="Yy`BOF(5aa-U]-[WN:xg">
            <value name="CONTENT">
              <shadow type="text" id="-=T{gAs1,RQD|,~zJY%$">
                <field name="TEXT">Pong</field>
              </shadow>
            </value>
            <next>
              <block type="s4d_reply" id="#I!^it,,(YLn3B9A)EFW">
                <value name="CONTENT">
                  <shadow type="text" id="nbO=%pOTo|M4A-boBa8Y">
                    <field name="TEXT">Hey!</field>
                  </shadow>
                  <block type="s4d_bot_ping" id="FBc]1{vc3vZ`Ml38=TO2"></block>
                </value>
              </block>
            </next>
          </block>
        </statement>
      </block>
    </statement>
  </block>
  <block type="s4d_on_message" id="i=%I:.GpXHXHR-MazeNH" x="20" y="541">
    <statement name="STATEMENTS">
      <block type="controls_if" id="MfL_sev~ks[YLX%tm:st">
        <value name="IF0">
          <block type="logic_negate" id="N!ILu_]4_BvksLxRV4wK">
            <value name="BOOL">
              <block type="s4d_member_is_bot" id="2-0d8n$Y]7()h.o7O*Y2">
                <value name="MEMBER">
                  <block type="s4d_message_author" id="^Ro{ic}Z@hR$-,X!^]/S"></block>
                </value>
              </block>
            </value>
          </block>
        </value>
        <statement name="DO0">
          <block type="variables_set" id="~}l5zZhB7uE~@8N@HI,q">
            <field name="VAR" id="M[vaD@JoJPb/1tEa6?p~">member_xp</field>
            <value name="VALUE">
              <block type="s4d_get_data" id="w^H/=6#PE0py+]@Dzo[n">
                <value name="KEY">
                  <shadow type="text" id="88r!7qHuf3[MAZi)[.Ap">
                    <field name="TEXT">hello</field>
                  </shadow>
                  <block type="text_join" id="t|;4SUYtCcIm=SMnP1RA">
                    <mutation items="2"></mutation>
                    <value name="ADD0">
                      <block type="text" id="F1})AwLPmPBJPiB/.X!@">
                        <field name="TEXT">xp-</field>
                      </block>
                    </value>
                    <value name="ADD1">
                      <block type="s4d_message_author_raw" id="Rj[w_ZyGOWe)#cBT)b%b">
                        <field name="SEARCH_TYPE">ID</field>
                      </block>
                    </value>
                  </block>
                </value>
              </block>
            </value>
            <next>
              <block type="variables_set" id="^`ZAnTvZB/C`!s|i4wW8">
                <field name="VAR" id="+@B4vb]CdaQAcV3iYZ3L">member_level</field>
                <value name="VALUE">
                  <block type="s4d_get_data" id="h5b5dBE76^+Si[[@nzpR">
                    <value name="KEY">
                      <shadow type="text">
                        <field name="TEXT">hello</field>
                      </shadow>
                      <block type="text_join" id="|w0zLKo6a!VjZ[`h]ie1">
                        <mutation items="2"></mutation>
                        <value name="ADD0">
                          <block type="text" id="/_`/W`B=E:hKeVdrB0[5">
                            <field name="TEXT">level-</field>
                          </block>
                        </value>
                        <value name="ADD1">
                          <block type="s4d_message_author_raw" id="]%Zo:C(Zm2cd[[cA=OP2">
                            <field name="SEARCH_TYPE">ID</field>
                          </block>
                        </value>
                      </block>
                    </value>
                  </block>
                </value>
                <next>
                  <block type="controls_if" id="AwKZxHL{ez%!sm2pTZ:N">
                    <mutation elseif="1"></mutation>
                    <value name="IF0">
                      <block type="logic_negate" id=")BL3sNk,s[7k[D=)5Wb-">
                        <value name="BOOL">
                          <block type="variables_get" id="EL@M$sfQwo4_kp:H[Ego">
                            <field name="VAR" id="M[vaD@JoJPb/1tEa6?p~">member_xp</field>
                          </block>
                        </value>
                      </block>
                    </value>
                    <statement name="DO0">
                      <block type="variables_set" id="u,h(12V3!js1cM8_EsWD">
                        <field name="VAR" id="M[vaD@JoJPb/1tEa6?p~">member_xp</field>
                        <value name="VALUE">
                          <block type="math_number" id="3K{AwEiQ|xzrqsTvjM*0">
                            <field name="NUM">0</field>
                          </block>
                        </value>
                      </block>
                    </statement>
                    <value name="IF1">
                      <block type="logic_negate" id="R*H!?sV5!C,Lx+OJs#jM">
                        <value name="BOOL">
                          <block type="variables_get" id="u_yI(T/!%YChjJAIcj[$">
                            <field name="VAR" id="+@B4vb]CdaQAcV3iYZ3L">member_level</field>
                          </block>
                        </value>
                      </block>
                    </value>
                    <statement name="DO1">
                      <block type="variables_set" id="#_ki4I?oh@v0db%WCXzi">
                        <field name="VAR" id="+@B4vb]CdaQAcV3iYZ3L">member_level</field>
                        <value name="VALUE">
                          <block type="math_number" id="v*z}8{H/jC9v:7uxTn#9">
                            <field name="NUM">0</field>
                          </block>
                        </value>
                      </block>
                    </statement>
                    <next>
                      <block type="s4d_set_data" id="`7WbsnzyzwNl%gCO%9J9">
                        <value name="KEY">
                          <shadow type="text" id="Q.iRfNq!Jgox/.hB5Bs}">
                            <field name="TEXT">hello</field>
                          </shadow>
                          <block type="text_join" id=":HW].AU64kQwP~m3dI^g">
                            <mutation items="2"></mutation>
                            <value name="ADD0">
                              <block type="text" id="_R=tGhLLUkSBHi_jk!">
                                <field name="TEXT">xp-</field>
                              </block>
                            </value>
                            <value name="ADD1">
                              <block type="s4d_message_author_raw" id="W!dQlYRxcQy~uu+j%onT">
                                <field name="SEARCH_TYPE">ID</field>
                              </block>
                            </value>
                          </block>
                        </value>
                        <value name="VALUE">
                          <shadow type="text" id=":6^F`uO_USAFvH*$p9S~">
                            <field name="TEXT">world</field>
                          </shadow>
                          <block type="math_arithmetic" id="wK29a{2jG2kU-?0hFhqR">
                            <field name="OP">ADD</field>
                            <value name="A">
                              <shadow type="math_number" id="GM/dp{=o8js[D}i09`b^">
                                <field name="NUM">1</field>
                              </shadow>
                              <block type="variables_get" id="ONqeqk89!f=j}!*L7;PL">
                                <field name="VAR" id="M[vaD@JoJPb/1tEa6?p~">member_xp</field>
                              </block>
                            </value>
                            <value name="B">
                              <shadow type="math_number" id=".K2[!`fX!l9vw!p51c!N">
                                <field name="NUM">1</field>
                              </shadow>
                            </value>
                          </block>
                        </value>
                        <next>
                          <block type="variables_set" id="s?jTk;tHQ]fYWv^re!7j">
                            <field name="VAR" id="M[vaD@JoJPb/1tEa6?p~">member_xp</field>
                            <value name="VALUE">
                              <block type="math_arithmetic" id="E)ATuTT-KyjPm,M=JdwP">
                                <field name="OP">ADD</field>
                                <value name="A">
                                  <shadow type="math_number">
                                    <field name="NUM">1</field>
                                  </shadow>
                                  <block type="variables_get" id="t0-[e[+LUi|~z/;*dp#6">
                                    <field name="VAR" id="M[vaD@JoJPb/1tEa6?p~">member_xp</field>
                                  </block>
                                </value>
                                <value name="B">
                                  <shadow type="math_number" id="]z~}4N-c?LinHgC|kVmO">
                                    <field name="NUM">1</field>
                                  </shadow>
                                </value>
                              </block>
                            </value>
                            <next>
                              <block type="controls_if" id="=-T,u2,YqI(b-,5R-raJ">
                                <value name="IF0">
                                  <block type="logic_compare" id="2bDZYW1aw[iAcj6jy2o*">
                                    <field name="OP">GT</field>
                                    <value name="A">
                                      <block type="variables_get" id="R3qfLFppQKY36e!(k`uh">
                                        <field name="VAR" id="M[vaD@JoJPb/1tEa6?p~">member_xp</field>
                                      </block>
                                    </value>
                                    <value name="B">
                                      <block type="math_number" id="K%+C!jxTTKzP,~bTIQ#s">
                                        <field name="NUM">100</field>
                                      </block>
                                    </value>
                                  </block>
                                </value>
                                <statement name="DO0">
                                  <block type="s4d_set_data" id="(-b?AF=}h+7kqqm`x)@=">
                                    <value name="KEY">
                                      <shadow type="text">
                                        <field name="TEXT">hello</field>
                                      </shadow>
                                      <block type="text_join" id="`hFN7Yl,*qK`Fy/*uC}{">
                                        <mutation items="2"></mutation>
                                        <value name="ADD0">
                                          <block type="text" id="NIpT7$oFJOwy@/ga5s+#">
                                            <field name="TEXT">level-</field>
                                          </block>
                                        </value>
                                        <value name="ADD1">
                                          <block type="s4d_message_author_raw" id=":FZ;uMH7;/2aHmyJSD_Y">
                                            <field name="SEARCH_TYPE">ID</field>
                                          </block>
                                        </value>
                                      </block>
                                    </value>
                                    <value name="VALUE">
                                      <shadow type="text">
                                        <field name="TEXT">world</field>
                                      </shadow>
                                      <block type="math_arithmetic" id="mVh6;B0CWdne-%@s-,R;">
                                        <field name="OP">ADD</field>
                                        <value name="A">
                                          <shadow type="math_number">
                                            <field name="NUM">1</field>
                                          </shadow>
                                          <block type="variables_get" id="HELI-rppC{2{:JXRZZ2_">
                                            <field name="VAR" id="+@B4vb]CdaQAcV3iYZ3L">member_level</field>
                                          </block>
                                        </value>
                                        <value name="B">
                                          <shadow type="math_number" id="P:L?@*mm?(R[hD)oUiHe">
                                            <field name="NUM">1</field>
                                          </shadow>
                                        </value>
                                      </block>
                                    </value>
                                    <next>
                                      <block type="variables_set" id="BgXDQa45|TjY$inY!uy=">
                                        <field name="VAR" id="+@B4vb]CdaQAcV3iYZ3L">member_level</field>
                                        <value name="VALUE">
                                          <block type="math_arithmetic" id="iE-Gj#gv~B6n]zoM6OYl">
                                            <field name="OP">ADD</field>
                                            <value name="A">
                                              <shadow type="math_number">
                                                <field name="NUM">1</field>
                                              </shadow>
                                              <block type="variables_get" id=")4f,y[AS~[eziQP6oy~i">
                                                <field name="VAR" id="+@B4vb]CdaQAcV3iYZ3L">member_level</field>
                                              </block>
                                            </value>
                                            <value name="B">
                                              <shadow type="math_number" id="9j04Bn#=cd5{AIdY:p.#">
                                                <field name="NUM">1</field>
                                              </shadow>
                                            </value>
                                          </block>
                                        </value>
                                        <next>
                                          <block type="s4d_reply" id="e,mtP-XG1y;zync)}qdU">
                                            <value name="CONTENT">
                                              <shadow type="text" id="xT2PT;Qo)Nuw7a=8s=$j">
                                                <field name="TEXT">Salut!</field>
                                              </shadow>
                                              <block type="text_join" id="_BHM*Q=qtcbpbnf$Zu92">
                                                <mutation items="5"></mutation>
                                                <value name="ADD0">
                                                  <block type="text" id="%+!]Dt.S]{Ioo~dX|^22">
                                                    <field name="TEXT">Congratulations, </field>
                                                  </block>
                                                </value>
                                                <value name="ADD1">
                                                  <block type="s4d_message_author" id="ggQ[+aM[.Ml|,[Bv:OB0"></block>
                                                </value>
                                                <value name="ADD2">
                                                  <block type="text" id="4MsXLy0texd3plR9Uj{c">
                                                    <field name="TEXT">you jumped to level </field>
                                                  </block>
                                                </value>
                                                <value name="ADD3">
                                                  <block type="variables_get" id="6mrLVVv|S4nIJ%MMc^Nq">
                                                    <field name="VAR" id="+@B4vb]CdaQAcV3iYZ3L">member_level</field>
                                                  </block>
                                                </value>
                                                <value name="ADD4">
                                                  <block type="text" id="g?7rO4hF+JjCKY5Zq@e*">
                                                    <field name="TEXT">!!</field>
                                                  </block>
                                                </value>
                                              </block>
                                            </value>
                                          </block>
                                        </next>
                                      </block>
                                    </next>
                                  </block>
                                </statement>
                                <next>
                                  <block type="controls_if" id="$]k-m(;+PW!Y)ZhSQsJ.">
                                    <mutation elseif="1"></mutation>
                                    <value name="IF0">
                                      <block type="logic_compare" id="FA9h-?ZQp31zoC,-CJj?">
                                        <field name="OP">EQ</field>
                                        <value name="A">
                                          <block type="s4d_message_content" id="QW9fD=khz9ml7Y{X`_~0"></block>
                                        </value>
                                        <value name="B">
                                          <block type="text" id="W_@NL7X,en6waLiu/eNn">
                                            <field name="TEXT">!!level</field>
                                          </block>
                                        </value>
                                      </block>
                                    </value>
                                    <statement name="DO0">
                                      <block type="s4d_reply" id="ECw;)=}O[mTwG[R)65ZU">
                                        <value name="CONTENT">
                                          <shadow type="text" id="n1@ol$k#rsjQ8uFcc^B:">
                                            <field name="TEXT">Salut!</field>
                                          </shadow>
                                          <block type="text_join" id="@R:tUMom]M232DDjLyi=">
                                            <mutation items="3"></mutation>
                                            <value name="ADD0">
                                              <block type="s4d_message_author" id="H|zP9k/8vnf2g8G24Toz"></block>
                                            </value>
                                            <value name="ADD1">
                                              <block type="text" id="iX(DW[~h)*`MRy0gY2A@">
                                                <field name="TEXT">, you are currently level: </field>
                                              </block>
                                            </value>
                                            <value name="ADD2">
                                              <block type="variables_get" id="ahx}S^8VdjY~#}/-NXD]">
                                                <field name="VAR" id="+@B4vb]CdaQAcV3iYZ3L">member_level</field>
                                              </block>
                                            </value>
                                          </block>
                                        </value>
                                      </block>
                                    </statement>
                                    <value name="IF1">
                                      <block type="logic_compare" id="Ws]$L;eS[]E,~vSSZFXc">
                                        <field name="OP">EQ</field>
                                        <value name="A">
                                          <block type="s4d_message_content" id="t$a4Rj`p]Z*XTXL#[URF"></block>
                                        </value>
                                        <value name="B">
                                          <block type="text" id="6SAlzvfzT4`qGSs@FPYE">
                                            <field name="TEXT">!!xp</field>
                                          </block>
                                        </value>
                                      </block>
                                    </value>
                                    <statement name="DO1">
                                      <block type="s4d_reply" id="~QZ8R39dl)(twOjjXr]w">
                                        <value name="CONTENT">
                                          <shadow type="text">
                                            <field name="TEXT">Salut!</field>
                                          </shadow>
                                          <block type="text_join" id="Y!x8?.0jWWnr5Lp]?k!n">
                                            <mutation items="5"></mutation>
                                            <value name="ADD0">
                                              <block type="s4d_message_author" id="|G/@9fZe@`%~TwJ@KQB/"></block>
                                            </value>
                                            <value name="ADD1">
                                              <block type="text" id="9RIm=A!+pQ/uATenE)oP">
                                                <field name="TEXT">, you need </field>
                                              </block>
                                            </value>
                                            <value name="ADD2">
                                              <block type="math_arithmetic" id="#k7xdN{K1em1;g4x(4r,">
                                                <field name="OP">MINUS</field>
                                                <value name="A">
                                                  <shadow type="math_number" id="AOgc*g=oG+.dQ9JyEXR-">
                                                    <field name="NUM">100</field>
                                                  </shadow>
                                                </value>
                                                <value name="B">
                                                  <shadow type="math_number" id="k[[G+xVv)AoAC$7{OS?G">
                                                    <field name="NUM">100</field>
                                                  </shadow>
                                                  <block type="variables_get" id="Jv~.y|;NFyQ9TD$|ZGwI">
                                                    <field name="VAR" id="M[vaD@JoJPb/1tEa6?p~">member_xp</field>
                                                  </block>
                                                </value>
                                              </block>
                                            </value>
                                            <value name="ADD3">
                                              <block type="text" id="C]/q-tyzgRtj~?~w$2E#">
                                                <field name="TEXT"> to jump to level </field>
                                              </block>
                                            </value>
                                            <value name="ADD4">
                                              <block type="math_arithmetic" id="ny^4i;T7mbDK{@WB@B6v">
                                                <field name="OP">ADD</field>
                                                <value name="A">
                                                  <shadow type="math_number" id="qw:DB*#:O-@6K*6cJIq0">
                                                    <field name="NUM">1</field>
                                                  </shadow>
                                                  <block type="variables_get" id="NHy%/wvKxeou}^ExT9}/">
                                                    <field name="VAR" id="+@B4vb]CdaQAcV3iYZ3L">member_level</field>
                                                  </block>
                                                </value>
                                                <value name="B">
                                                  <shadow type="math_number" id="BJv^%DY.Y?-7^KnZcm{x">
                                                    <field name="NUM">1</field>
                                                  </shadow>
                                                </value>
                                              </block>
                                            </value>
                                          </block>
                                        </value>
                                      </block>
                                    </statement>
                                  </block>
                                </next>
                              </block>
                            </next>
                          </block>
                        </next>
                      </block>
                    </next>
                  </block>
                </next>
              </block>
            </next>
          </block>
        </statement>
      </block>
    </statement>
  </block>
  <block type="s4d_on_message" id="bI]1`RCsgppYG}aO(3h)" x="25" y="2421">
    <statement name="STATEMENTS">
      <block type="controls_if" id="n,Ae^/2r?=$m^13oGx^9">
        <value name="IF0">
          <block type="logic_compare" id="b:+B4erM~qg#NpashT)q">
            <field name="OP">EQ</field>
            <value name="A">
              <block type="s4d_message_content" id="dek30FqR]=psDV(J{pf^"></block>
            </value>
            <value name="B">
              <block type="text" id="$RPhs-(ePvvwLTsM*5yL">
                <field name="TEXT">!!tot</field>
              </block>
            </value>
          </block>
        </value>
        <statement name="DO0">
          <block type="s4d_reply" id="d{Kt)Cgf#w3h6uS;5?/u">
            <value name="CONTENT">
              <shadow type="text" id="2.c{+]j7R)JSO,j@*ROt">
                <field name="TEXT">Trick/Treats</field>
              </shadow>
            </value>
            <next>
              <block type="controls_if" id="V8F/qIx:UIH*LjeX[R;r">
                <value name="IF0">
                  <block type="logic_compare" id="_+4mz.6Px)N@xR{uD`)a">
                    <field name="OP">EQ</field>
                    <value name="A">
                      <block type="s4d_message_content" id="nd#xDJVO9=au6Mhe;zRj"></block>
                    </value>
                    <value name="B">
                      <block type="text" id="E#L11X%6O#8)c?zomZe1">
                        <field name="TEXT">Trick</field>
                      </block>
                    </value>
                  </block>
                </value>
                <statement name="DO0">
                  <block type="s4d_reply" id="iD-(8I!u_P-6ZU(UlBLM">
                    <value name="CONTENT">
                      <shadow type="text" id="LFHvSYSyt}LL6:%[W1BW">
                        <field name="TEXT">You choosed trick 1 point will be substract</field>
                      </shadow>
                    </value>
                    <next>
                      <block type="s4d_subtract_data" id="uYp,1_Q97C%W0[zp$1uQ">
                        <value name="COUNT">
                          <shadow type="math_number" id="P)pa!IR38T|_u]gc_[#.">
                            <field name="NUM">1</field>
                          </shadow>
                        </value>
                        <value name="KEY">
                          <shadow type="text" id="YMn}:_!v7r2NjdVFQS9w">
                            <field name="TEXT">points</field>
                          </shadow>
                        </value>
                        <next>
                          <block type="controls_if" id="w%f7)yeMlJ`i..phWQW*">
                            <value name="IF0">
                              <block type="logic_compare" id="{gYzR*UkhD:V3,({,qCu">
                                <field name="OP">EQ</field>
                                <value name="A">
                                  <block type="s4d_message_content" id="V98M3a=UQD8r353P|i;j"></block>
                                </value>
                                <value name="B">
                                  <block type="text" id="]FUD69o9V-UzQs5SK(2X">
                                    <field name="TEXT">Treats</field>
                                  </block>
                                </value>
                              </block>
                            </value>
                            <statement name="DO0">
                              <block type="s4d_reply" id=".`[_~T|rDrD]nUaJH?J(">
                                <value name="CONTENT">
                                  <shadow type="text" id="v!28mJC}VzHv#3zU16Cj">
                                    <field name="TEXT">You received some candys and added 5 points</field>
                                  </shadow>
                                </value>
                                <next>
                                  <block type="s4d_add_data" id="mP*lZp1[;HgcTOhoIzdb">
                                    <value name="COUNT">
                                      <shadow type="math_number" id="T`=*%5@VGAKh1DzO@z)I">
                                        <field name="NUM">5</field>
                                      </shadow>
                                    </value>
                                    <value name="KEY">
                                      <shadow type="text" id="wQ$x/JNJj(o7}x{wUb^}">
                                        <field name="TEXT">points</field>
                                      </shadow>
                                    </value>
                                  </block>
                                </next>
                              </block>
                            </statement>
                          </block>
                        </next>
                      </block>
                    </next>
                  </block>
                </statement>
              </block>
            </next>
          </block>
        </statement>
      </block>
    </statement>
  </block>
  <block type="s4d_on_message" id="U:=f6,#DhT^HD+fDuOr(" x="43" y="3177">
    <statement name="STATEMENTS">
      <block type="controls_if" id="/.$%fNGg;#?BEQ16ZfL0">
        <value name="IF0">
          <block type="logic_compare" id="IiiOj`,C1nDFZPPk.3`.">
            <field name="OP">EQ</field>
            <value name="A">
              <block type="s4d_message_content" id="$.Kh0*~vrllz*WptF{^z"></block>
            </value>
            <value name="B">
              <block type="text" id="G]v7aWJv9H`eMs`$G0Ee">
                <field name="TEXT">!!help</field>
              </block>
            </value>
          </block>
        </value>
        <statement name="DO0">
          <block type="s4d_create_embed_then" id="hzBZ/zssil1M2npJ;P_,">
            <statement name="THEN">
              <block type="s4d_create_embed_then_set_color" id="E)aAu0ao0aV3:TCwLm=M">
                <value name="COLOR">
                  <block type="colour_random" id="!ORvve)ry(MKL..y3:1y"></block>
                </value>
                <next>
                  <block type="s4d_create_embed_then_set_title" id="SmUKPjzEoD~w3Fj`e]/Z">
                    <value name="TITLE">
                      <block type="text" id="9m3O:G=?}V77=^HOy5yw">
                        <field name="TEXT">Commands List</field>
                      </block>
                    </value>
                    <next>
                      <block type="s4d_create_embed_then_set_description" id="d5nzSMIZ34b30/v[}B6!">
                        <value name="DESCRIPTION">
                          <block type="text" id="wF28})}[pSX6mX+KqOqn">
                            <field name="TEXT">Prefix is !!</field>
                          </block>
                        </value>
                        <next>
                          <block type="s4d_create_embed_then_add_field" id="Q!WJA3$3Pg}t|YX`/]@{">
                            <value name="TITLE">
                              <block type="text" id="c[-f%}WGrU]gKN/2X~p{">
                                <field name="TEXT">Level</field>
                              </block>
                            </value>
                            <value name="DESCRIPTION">
                              <block type="text" id="YWg4.$hag.F|%!it4eZ5">
                                <field name="TEXT">level,xp</field>
                              </block>
                            </value>
                            <next>
                              <block type="s4d_create_embed_then_add_field" id="XI@agh!0G.^|`*@Ro{Nq">
                                <value name="TITLE">
                                  <block type="text" id="NW8*)u%48f_H/CRs7hnR">
                                    <field name="TEXT">Fun</field>
                                  </block>
                                </value>
                                <value name="DESCRIPTION">
                                  <block type="text" id="diMoOL#hk%h|[%5I{]k`">
                                    <field name="TEXT">tot</field>
                                  </block>
                                </value>
                                <next>
                                  <block type="s4d_create_embed_then_add_field" id="C6wZ5PR9xT3i(L%zzXLT">
                                    <value name="TITLE">
                                      <block type="text" id="c-f9Sps!6$h:kv}Rb(Ug">
                                        <field name="TEXT">Trigger</field>
                                      </block>
                                    </value>
                                    <value name="DESCRIPTION">
                                      <block type="text" id="D3L/#ftL59F}TW:f)8r7">
                                        <field name="TEXT">Ping</field>
                                      </block>
                                    </value>
                                    <next>
                                      <block type="s4d_create_embed_then_send" id="THXyv#X$b4V-dhddo:2j">
                                        <value name="CHANNEL">
                                          <block type="s4d_message_channel" id="@xKJf7HOe[yEeY9xP3aV"></block>
                                        </value>
                                      </block>
                                    </next>
                                  </block>
                                </next>
                              </block>
                            </next>
                          </block>
                        </next>
                      </block>
                    </next>
                  </block>
                </next>
              </block>
            </statement>
          </block>
        </statement>
      </block>
    </statement>
  </block>
</xml>